Generation,Run 0,Run 1,Run 2
0,336.5892549187654,325.9978861192683,271.0691154875011
1,473.8705476370419,412.9206365842492,493.26691979055323
2,522.539603414534,514.7544025346153,612.7480961168341
3,527.7274775611139,533.4163894318109,613.1473261454703
4,529.9224130110298,470.90804252983224,614.1454063832549
