Generation,Run 0,Run 1,Run 2
0,13.369391751030847,13.060258990166748,13.166868076002851
1,5.927919441080233,9.317107314131619,8.303819571094682
2,1.1748456623168164,8.738104364809129,1.3662794624152688
3,1.9641649534667607,7.4645775980464375,2.431850847449646
4,1.384059788674022,8.213860376310764,2.662306696867405
