Generation,Run 0,Run 1,Run 2,Run 3,Run 4,Run 5,Run 6,Run 7,Run 8,Run 9
0,342.9912413622099,340.6022972354334,306.88769217928194,318.7014344244392,326.17150847940155,290.3296312316073,269.4022929907039,371.3602276576006,403.8830432454043,271.98791799935907
1,459.9915037112895,435.3465854149346,436.2774693887827,473.23485885459723,405.3254317506973,395.91181176136826,415.8059810596001,450.9222537303775,495.330760755501,375.3257612584199
2,518.4943699725094,470.3545631621384,476.4908469441194,494.7068300572424,464.2328483518155,486.67486308090247,441.19015631148966,565.4041762192552,517.7057924098992,436.02289652351817
3,522.1172282400387,534.1192859765102,511.5667260744669,493.66019601714027,503.4855746703799,508.1736573514751,475.7178552658278,596.7645120171453,548.9663406615255,470.78429472544155
4,549.0659230297737,491.38854935183997,512.0655098201811,500.2930846611013,522.5457753121993,498.50037075193933,483.6885290740871,612.9379974851807,561.2349554797619,493.1451591969009
