Generation,Run 0,Run 1,Run 2,Run 3,Run 4,Run 5,Run 6,Run 7,Run 8,Run 9
0,476.2922447210179,432.9132252730877,501.98873282559583,493.0110385831101,421.6508610086202,507.9741340261747,417.72147857583417,552.7994908259573,507.9741340261747,409.24742736117435
1,512.9132252730877,493.0110385831101,497.99858512203883,493.0110385831101,493.0110385831101,507.9741340261747,452.64911428328526,552.7994908259573,584.8035558722055,421.6508610086202
2,568.8117358769174,502.8220558859494,504.98140678550374,504.98140678550374,508.9717214797693,507.9741340261747,493.0110385831101,587.7974644828121,587.7974644828121,493.0110385831101
3,577.6543636391714,700.5574598335318,576.8199833463474,504.98140678550374,536.9064302299548,510.9669137782012,493.0110385831101,629.7158658389292,587.7974644828121,493.0110385831101
4,577.6543636391714,533.9132252730877,576.8199833463474,509.9693147397387,608.7558330993363,511.96451856747524,493.0110385831101,629.7158658389292,615.7423324121173,494.3522447210179
