Generation,Run 0,Run 1,Run 2
0,409.24742736117435,408.9132252730877,411.24109822612274
1,516.9526278209537,421.21003982910275,612.7480961168341
2,530.9200668049044,637.6080828866073,612.7480961168341
3,532.9155005869248,637.6080828866073,613.7461711884246
4,532.9155005869248,637.6080828866073,616.7404185359351
