Generation,Run 0,Run 1,Run 2
0,13.379423223221803,13.567236944290467,13.281498982751993
1,1.102986678641831,9.511550260552525,1.3208525221957097
2,1.7016014106238948,8.789917786738142,2.0460730532565288
3,1.7225488047188744,0.5792529830768521,1.3602963484972104
4,1.4120256717386088,0.9982379976538182,1.447189094714464
