Generation,Run 0,Run 1,Run 2,Run 3,Run 4,Run 5,Run 6,Run 7,Run 8,Run 9
0,323.87943644880335,315.3754224740148,267.7243796360982,286.0861250342903,301.36360918168646,262.12556623171236,357.8295229421036,240.0240030620727,323.60257481924185,384.9550968051435
1,459.3340224919201,452.40343174670136,395.94520798916744,454.62826718148483,408.0641003945036,420.3595703453581,403.9220154939559,409.08090693090946,424.88827267741846,479.2638155489329
2,539.0697924444096,493.9839023000821,442.71945164114004,508.8336023914435,411.9522447210179,479.58493133081913,410.62974795041225,409.44679647609837,486.68596285113654,559.6320202807071
3,569.3492660271111,491.2730131549245,489.7220708328481,532.1213494788075,422.73436658198733,495.60482826655334,409.26250780849233,411.01147149255667,493.7100073150591,587.1986819327972
4,556.6695083729156,500.21408188971157,503.98388571140686,588.2910301593256,445.4688221957416,508.8739039088164,409.4446892998536,463.21763649502947,500.3931597806135,566.0486221668473
