Generation,Run 0,Run 1,Run 2
0,417.22234767677736,408.9132252730877,429.52456728329594
1,493.0110385831101,408.9132252730877,485.70473399856036
2,512.9621290800778,416.1053299605665,493.0110385831101
3,513.9597452887226,481.17237076549713,496.431922088588
4,580.8117358769174,495.37224472101786,498.3394248501603
