Generation,Run 0,Run 1,Run 2
0,231.97641999399644,309.5921695141399,330.4337992534962
1,477.8533004018436,408.47702916267366,462.74216945694604
2,497.00125668250365,411.8569075656966,486.6754970599618
3,509.3709574641422,427.14081556203445,495.0635686863969
4,524.9359280756795,479.5188617689276,497.54607116684303
