Generation,Run 0,Run 1,Run 2,Run 3,Run 4,Run 5,Run 6,Run 7,Run 8,Run 9
0,493.0110385831101,491.0160637193128,493.0110385831101,409.24742736117435,434.6508610086202,505.97897665065045,471.9132252730877,500.9911868145574,513.0322447210178,421.6508610086202
1,500.9911868145574,494.1247679127234,493.0110385831101,478.5322447210179,445.6508610086202,518.9479108310755,523.9132252730877,504.98140678550374,605.4322447210179,421.6508610086202
2,500.9911868145574,497.00106343805334,493.0110385831101,478.5322447210179,445.6508610086202,521.9408768044182,523.9132252730877,504.98140678550374,605.4322447210179,421.6508610086202
