Generation,Run 0,Run 1,Run 2
0,493.0110385831101,493.0110385831101,505.97897665065045
1,493.0110385831101,493.0110385831101,587.7974644828121
2,497.99858512203883,506.976552407039,587.7974644828121
3,504.98140678550374,507.9741340261747,587.7974644828121
4,508.9717214797693,508.9717214797693,607.7577767345448
5,516.9526278209537,508.9717214797693,607.7577767345448
