Generation,Run 0,Run 1,Run 2
0,13.279332775060457,13.344488156653561,13.17744144660225
1,12.293836055352935,12.022012417657333,11.643788153328394
2,11.497461577838136,11.17008488692966,10.605338832577523
3,11.532511506916926,11.17035832640504,9.048769040699101
4,9.919510795236421,11.280237734548704,8.651992326785464
5,9.880304253536762,11.186324430664254,7.80120066758653
