Generation,Run 0,Run 1,Run 2,Run 3,Run 4,Run 5,Run 6,Run 7,Run 8,Run 9
0,266.8300380159741,304.7848920374153,396.32928512066377,287.0390548949491,264.5034488857035,416.6866134970404,272.52558983446545,233.54209562958664,341.67229255215034,247.59706108013694
1,422.31055351735904,414.6418151764844,473.50057930337397,339.6504438625895,382.65600591956525,456.18282697521215,424.7310291626738,314.2490228910172,467.85957541467013,398.5086728505241
2,424.21542462857497,421.8177125359759,477.9013796147254,349.1575223355412,392.2487514470402,462.1019798105479,437.3417735129113,372.5775403999013,487.94757541467015,406.70867285052407
