Generation,Run 0,Run 1,Run 2
0,303.1208722465051,283.3655975302153,275.7512209356
1,443.48314304193457,421.61019937240735,421.09560943240723
2,488.1854089744521,453.1373835705469,472.8910141013201
3,508.9546779180105,477.8706203919422,477.9064659640834
4,528.7949204689537,489.0806934668289,489.92912209644254
5,538.454309780946,491.5548308528151,506.59178972427674
