Generation,Run 0,Run 1,Run 2
0,483.03642065638155,421.6508610086202,474.05982874727954
1,507.9741340261747,503.98384284030163,499.99364684039824
2,570.8324835091116,507.9741340261747,507.9741340261747
3,570.8324835091116,513.9597452887226,575.8220558859493
4,608.7558330993363,527.9269554658996,575.8220558859493
5,608.7558330993363,527.9269554658996,595.7813998803083
