Generation,Run 0,Run 1,Run 2
0,13.295411883861963,13.240953030146782,13.443648127250125
1,12.30113205921734,12.211118951267638,12.2500631650104
2,11.246636928151894,10.628808963728153,10.931016128680845
3,10.776828668888246,9.758698378707544,10.88932486346054
4,10.65398136055299,9.639896237129259,10.865865686393658
5,10.547934689197588,9.528620519849504,10.960592385670193
