Generation,Run 0,Run 1,Run 2,Run 3,Run 4,Run 5,Run 6,Run 7,Run 8,Run 9
0,440.99224472101787,410.64911428328526,497.99858512203883,493.0110385831101,409.24742736117435,451.0322447210179,431.6508610086202,409.24742736117435,409.24742736117435,524.9338919098963
1,498.0922447210179,443.9522447210179,507.9741340261747,537.9041754375678,409.24742736117435,451.0322447210179,469.2922447210179,410.2442577864131,411.24109822612274,587.7974644828121
2,498.0922447210179,443.9522447210179,507.9741340261747,537.9041754375678,409.24742736117435,471.0322447210179,469.2922447210179,419.21617481767026,503.2144123549921,608.7558330993363
