Generation,Run 0,Run 1,Run 2,Run 3,Run 4,Run 5,Run 6,Run 7,Run 8,Run 9
0,324.0483896735705,317.122605540298,281.66747820378174,307.67590680594566,304.0879984430165,320.62685807567254,309.29984452598893,250.26623948150828,277.23016051813454,224.87674923190144
1,430.38501105216926,396.6230390458678,434.07932093687594,463.7387461974093,395.22332630068337,416.70964477683526,378.2978959352527,373.3793868954184,398.75765653337953,354.66629941276767
2,431.5730625080402,409.3282468513249,434.07932093687594,466.8355389372008,406.47259833908964,430.68705091658234,410.2412986721906,393.5855431443175,417.94318606148437,382.28914870073373
